urlid,label
5865,0.99033874
782,0.12849116
6962,0.54625154
7640,0.058106117
3589,0.47900984
6719,0.45960325
3905,0.48163965
9841,0.9848327
7447,0.13795352
4776,0.15943554
2879,0.9133917
2620,0.76643026
10479,0.021987638
1105,0.30812317
1849,0.3418907
8286,0.58342165
8344,0.9519701
10486,0.9769215
8661,0.96799064
7188,0.070970386
1433,0.978408
677,0.958461
469,0.98658085
6988,0.057321575
8024,0.08175631
6896,0.36760738
9154,0.2802382
342,0.98132014
50,0.24720733
983,0.067157604
6933,0.09285915
8271,0.16754375
5602,0.3454512
4505,0.15366057
4966,0.9764963
2390,0.25048125
6736,0.6589173
4660,0.953989
7560,0.98580337
3840,0.74149734
5823,0.9681378
5789,0.9803719
1595,0.2115699
6770,0.9410317
3522,0.9862212
5584,0.9561516
8323,0.9143501
3862,0.65902305
373,0.19787808
7345,0.37630603
7708,0.9793808
1398,0.9585653
4298,0.19341746
7467,0.2094548
1878,0.9858509
1832,0.2629779
625,0.13481173
7438,0.22610408
9961,0.98767465
7117,0.052159816
8190,0.11828729
1713,0.97614974
949,0.08422731
9246,0.13242267
2326,0.23466854
8942,0.07290377
4458,0.70609283
4659,0.36577198
9522,0.14887354
2497,0.9286131
9836,0.1579139
3808,0.9913686
5575,0.9509091
5714,0.47197974
2490,0.9727895
6812,0.21758133
4335,0.04031427
10014,0.9433235
5889,0.9609433
482,0.9523822
8082,0.18205386
5856,0.9936376
8866,0.75761026
2624,0.9848668
1371,0.94744235
4436,0.04005167
2972,0.97697306
3638,0.95621145
6249,0.5961824
7602,0.058469865
9624,0.9884716
7567,0.36969432
6578,0.116802685
7590,0.98006743
8590,0.94501615
10520,0.99222213
1906,0.2947587
1373,0.23376684
1601,0.9929289
4754,0.09806477
8208,0.23446946
1658,0.9713761
1352,0.98225754
8143,0.92396784
7760,0.93831456
7836,0.9584777
9769,0.070682764
503,0.9272794
4909,0.19440638
7162,0.15812439
10035,0.90132785
1992,0.6457056
6133,0.28991067
8519,0.32652482
1879,0.6164595
7107,0.3551194
1225,0.8146165
2451,0.95752627
8252,0.074530266
9214,0.92029667
4850,0.98796266
5891,0.06842759
5274,0.37798512
8623,0.06782265
562,0.96235
860,0.16389295
4199,0.97231627
7616,0.10086956
10544,0.5539471
1567,0.9608212
6552,0.09252516
954,0.105099216
111,0.26670828
7036,0.80920714
1995,0.9776109
7095,0.2323588
10180,0.49460462
6872,0.9676233
4805,0.9866888
355,0.9075007
8097,0.9603022
9271,0.97552365
431,0.33528522
1646,0.8321917
143,0.96699387
3436,0.14249729
150,0.7373481
9745,0.10771197
715,0.3116261
578,0.16110966
8684,0.9725876
1186,0.9817599
9115,0.77815044
9239,0.12370694
5461,0.8767352
5424,0.86964095
1349,0.9893162
609,0.9553989
7569,0.41187638
1622,0.7206828
6541,0.058367
9873,0.9624018
305,0.12604722
6041,0.42314023
5360,0.3560486
8445,0.98229367
7260,0.27896282
4526,0.9809053
138,0.6187868
168,0.30777773
7888,0.94295025
4639,0.9587239
867,0.23669343
9673,0.93963844
710,0.35558143
4749,0.12787105
4716,0.070342444
410,0.92947394
2155,0.9823845
3289,0.15095016
7774,0.122558504
1200,0.1965177
9057,0.13981396
2261,0.1151865
9612,0.06442948
4987,0.88967174
3605,0.9900753
5068,0.9843247
4474,0.8978202
5831,0.8067339
4729,0.38434014
10060,0.723451
6895,0.4355668
3791,0.983555
7910,0.12136163
4209,0.16635701
4984,0.98579675
1773,0.12312855
2101,0.12122812
7251,0.050075825
2887,0.4352999
875,0.6335004
8185,0.22907181
9688,0.9887404
5342,0.1886178
6802,0.67891484
3077,0.8689232
712,0.072982304
3026,0.35256556
2640,0.14767148
4872,0.6038333
3334,0.9591237
2431,0.41381857
9218,0.2171702
7417,0.85482603
3563,0.9808617
1006,0.22850811
8940,0.46952075
7703,0.052657913
2686,0.39905354
8159,0.99193305
37,0.3763743
65,0.11109802
1910,0.22635663
2202,0.97716993
9717,0.9860595
2388,0.8925593
2365,0.2040591
5072,0.67476624
4614,0.11850569
6955,0.47301474
4094,0.17943771
3319,0.9800632
1456,0.97919786
5381,0.9599053
4479,0.95471877
4766,0.22842857
6076,0.9519252
8064,0.44805446
3416,0.98242366
4892,0.14831086
9942,0.9721514
9215,0.2843728
4506,0.97748
9275,0.1554393
1306,0.98314327
6828,0.96018356
8368,0.76687026
7205,0.07911048
360,0.98587054
3386,0.15461828
3835,0.84879684
1305,0.08110441
7963,0.104834124
2073,0.7246425
4230,0.6405941
9012,0.07844918
2723,0.9920929
6788,0.94603205
7945,0.11990172
4868,0.96660924
6597,0.36819875
7323,0.036116168
6229,0.109988555
3427,0.35226762
7727,0.1821467
4707,0.9887216
2547,0.9932528
4523,0.967626
9648,0.3996297
1084,0.1057264
3327,0.9892006
5591,0.024864264
186,0.087527275
2938,0.3337427
9912,0.9754034
6047,0.513963
2417,0.8992126
10533,0.062303256
1137,0.242809
1533,0.9798449
9233,0.64364934
43,0.061774068
8986,0.07203538
6000,0.9768289
480,0.21736185
2457,0.599376
5362,0.054762967
7722,0.19505341
7940,0.95008314
6104,0.9809802
8853,0.045180354
5813,0.86898416
4769,0.2466015
2544,0.95937973
6379,0.12729952
5262,0.11239106
9885,0.14358786
10081,0.4073831
1315,0.2722798
3388,0.056541968
3473,0.98705935
2117,0.331134
9411,0.08643545
9379,0.9757815
4236,0.124473475
2049,0.16673045
4786,0.17999682
1604,0.10417808
7659,0.16760325
8152,0.18939292
5417,0.3483091
160,0.4482103
6826,0.9578877
1815,0.716659
3647,0.9709753
5605,0.061292235
3526,0.96569765
3854,0.9923919
1053,0.13292438
2411,0.26664904
6015,0.2718067
2089,0.9681675
7745,0.98412836
6816,0.9665994
3934,0.44534597
6547,0.04404204
3758,0.9868138
7158,0.86678684
1584,0.17478275
2982,0.8688902
7679,0.98593456
5286,0.9732185
3776,0.97577924
1235,0.4025223
6294,0.8154917
1012,0.9471228
10318,0.12561575
7134,0.25500768
5180,0.93946004
2108,0.2909203
3639,0.44219044
6729,0.27104762
2472,0.1589222
10235,0.37069502
190,0.9678101
4713,0.7583511
6827,0.07979458
6108,0.8831221
1114,0.9866202
4848,0.18322745
606,0.2771954
1573,0.95220435
8546,0.17539373
5193,0.17986609
2936,0.15045218
5104,0.85339653
6712,0.83283865
3055,0.33652407
74,0.9574084
7726,0.8095387
9183,0.26698604
162,0.11645335
7288,0.8592438
8657,0.855217
1295,0.11371368
8207,0.9354458
4433,0.98147696
590,0.97454315
10549,0.16424523
7749,0.49428624
405,0.9874164
10267,0.98519254
7133,0.11257739
7584,0.62436885
6616,0.97786534
1719,0.15504844
9761,0.9680559
5859,0.036658134
5662,0.06295676
1736,0.05138783
9333,0.63568544
1102,0.32129464
2790,0.79694426
6598,0.97383344
7995,0.9934123
4452,0.9764242
159,0.29686317
511,0.83417326
7006,0.94899565
1123,0.9377009
6073,0.13560213
7094,0.06946855
10008,0.7117023
7573,0.1471709
679,0.26259527
6809,0.27907768
1108,0.19824122
380,0.046815023
204,0.13539353
7075,0.08426175
2550,0.8531314
9785,0.37445801
5036,0.5813135
3129,0.28790614
6495,0.98480487
880,0.10856504
2360,0.19410639
7839,0.047248855
350,0.5447951
9151,0.9762793
6650,0.4399734
7208,0.7673185
5840,0.1762226
5997,0.09125982
2103,0.9680743
713,0.6873523
7771,0.22055186
10255,0.1913931
3944,0.9934105
4250,0.07254442
2833,0.30943322
3052,0.41697285
7855,0.9892384
4152,0.10908237
4445,0.9630823
10036,0.9438523
9727,0.30724615
2234,0.16275376
9632,0.98060936
626,0.41366223
1644,0.16342494
4859,0.9804166
3987,0.07387432
5884,0.9862576
4112,0.9691574
10392,0.05529678
2962,0.3588751
21,0.19160528
8524,0.9397418
2543,0.10466329
663,0.14817934
2748,0.65373194
3451,0.13757679
964,0.9593055
10560,0.97833294
2428,0.13417481
4520,0.36496538
7660,0.9881166
6583,0.8869664
10390,0.25890157
688,0.034494262
7957,0.9635269
3356,0.92395544
1766,0.26865387
9128,0.5160132
2340,0.12526602
9421,0.14811915
7712,0.48858398
8200,0.21200798
8762,0.21925819
6446,0.37272477
5194,0.03899489
960,0.216259
779,0.9869528
3584,0.2897749
3011,0.04098031
2769,0.3380304
1392,0.16528414
7254,0.97334325
9084,0.30031595
9622,0.18087098
3665,0.06728028
1609,0.28865716
6130,0.16421986
10155,0.0499394
7826,0.9864124
8300,0.17384426
5038,0.5805429
7582,0.9730787
9561,0.083374396
7430,0.9629288
5045,0.9663435
10421,0.29946578
5675,0.43869403
4687,0.42532423
4944,0.9710679
5105,0.9839099
148,0.06530641
6371,0.03466033
8108,0.14627492
4354,0.10630197
6077,0.9788254
4292,0.89945436
10068,0.23942636
5821,0.15588069
1042,0.9823417
7715,0.08183336
9703,0.13033415
2761,0.40495902
7002,0.08966506
7313,0.88996196
9050,0.084474534
5518,0.14155808
10556,0.97794527
1078,0.11223538
9699,0.9414603
10445,0.9874817
8748,0.9867171
2960,0.21602543
4317,0.10381074
939,0.1378409
8423,0.091126345
5196,0.022384774
8151,0.22060864
7199,0.98710597
1574,0.048500735
8566,0.7163272
7389,0.33240858
1177,0.36928973
10282,0.9669371
10098,0.9689716
4512,0.10603172
4055,0.9880983
8431,0.9720687
4532,0.30955115
10450,0.10849944
5754,0.93960714
1882,0.9476268
1563,0.99385226
4871,0.98803604
8440,0.3882798
3253,0.89184886
8270,0.5468541
4610,0.18625319
9619,0.1587647
8786,0.10444523
2889,0.97322625
9781,0.08395938
5061,0.25261307
7059,0.9759864
2064,0.9912032
1587,0.7099224
1934,0.9875843
5516,0.1576013
9853,0.3888211
7867,0.17323084
1556,0.6444183
5495,0.30146956
4274,0.087410904
8177,0.4283766
9491,0.9576064
9813,0.25792396
2205,0.111373864
2710,0.10365101
2992,0.23803309
7998,0.26157656
6428,0.709057
6638,0.15283395
3035,0.85981125
1578,0.13870533
1324,0.91537446
2316,0.988922
9326,0.2244447
7359,0.89945
7741,0.9123565
5143,0.109836064
8196,0.6863664
630,0.17439863
8481,0.9787217
8497,0.21672305
5409,0.99256426
5749,0.38735592
8219,0.8804153
9571,0.9750616
4886,0.9715272
5367,0.31104878
1185,0.31903705
8291,0.41337308
1590,0.4002887
7698,0.104271986
51,0.5398412
8784,0.037467886
3928,0.07388008
5987,0.2062235
7008,0.97515726
7482,0.7969393
9374,0.16284761
1296,0.9680348
10289,0.9633676
2986,0.081343666
4651,0.14440262
8594,0.82414776
7469,0.91716886
2871,0.26691923
1903,0.9819217
8571,0.9773925
4832,0.884715
1242,0.38155323
7115,0.597926
3599,0.22091432
2065,0.11790722
4529,0.26675794
763,0.84285337
6698,0.994052
2002,0.9841319
2020,0.96848184
5229,0.17195761
8243,0.08892904
6936,0.983649
9360,0.883754
4360,0.1437868
7951,0.39695746
6701,0.73035455
7574,0.97376233
2426,0.07033732
1681,0.989326
7135,0.20098124
3688,0.22595511
3872,0.20577411
558,0.117156506
2228,0.7346173
8170,0.17988239
7171,0.44922757
7756,0.05574198
3609,0.23746368
3985,0.32087547
1139,0.30948916
3453,0.9563124
7583,0.18245336
9788,0.98406607
10175,0.66375864
6059,0.10550392
104,0.15050085
10168,0.22060993
8902,0.97120506
5343,0.98175174
4239,0.16886517
6767,0.13879026
6269,0.13365124
6682,0.11702337
9558,0.27877143
2416,0.14251058
6592,0.30549735
6196,0.059442747
2751,0.9741219
3412,0.99274254
8302,0.9817981
1120,0.9460092
8005,0.086670294
6637,0.25344536
6440,0.27058506
6679,0.9498047
8039,0.9016876
5357,0.9853736
8844,0.95348746
2964,0.11533746
6040,0.18658608
7259,0.7352445
8974,0.77739733
7439,0.05174277
1045,0.07000778
7706,0.17313966
9724,0.07669688
3698,0.098825656
7339,0.9803995
1749,0.09126297
7257,0.15255964
2963,0.98831135
7775,0.1300861
10501,0.29905626
4258,0.9903521
7908,0.99212635
722,0.4888889
6519,0.7234859
6916,0.34412146
4456,0.94430435
2731,0.4858933
917,0.9717111
4107,0.44770464
7894,0.8301718
2540,0.11920876
8455,0.9781374
10406,0.9901518
8909,0.11288353
5489,0.13801251
306,0.8448308
3894,0.18836766
2735,0.080547765
4939,0.52678156
1551,0.649306
777,0.8077508
2160,0.9842053
8599,0.9624558
2727,0.19024749
6362,0.32387626
1417,0.9670438
10343,0.070192635
4866,0.98961836
2682,0.3006167
9856,0.032974783
4498,0.09477578
7450,0.17334016
6899,0.18694226
5649,0.9831572
6086,0.047938436
1618,0.1288704
9926,0.09695126
2847,0.15649185
8099,0.9750803
5724,0.6803365
3358,0.05601303
8136,0.17773487
955,0.51772964
8819,0.07122979
5832,0.37238282
10413,0.98870534
6548,0.22988676
8407,0.6337185
10090,0.44290736
8564,0.33607638
808,0.9707835
5303,0.12206802
8913,0.98128617
9425,0.97995716
9543,0.9807704
1219,0.8574063
9575,0.98834616
4019,0.6939547
6223,0.98702127
9588,0.1643385
4739,0.26835603
10492,0.79096645
2017,0.8004915
5524,0.9668628
7449,0.9626569
5734,0.07143591
5456,0.33661076
797,0.760242
5525,0.16884118
8265,0.30051813
1981,0.9844077
8977,0.9465305
6241,0.97998476
6021,0.9512986
7720,0.09664167
8632,0.04675755
6705,0.22405599
2476,0.9502593
3510,0.3633402
8887,0.7138634
10115,0.42403534
9061,0.18830578
5570,0.19801235
2763,0.90007675
1437,0.81476945
3448,0.049899418
3529,0.06655827
3156,0.029964488
4604,0.94307536
6776,0.83538425
10227,0.41580105
1545,0.6338879
10487,0.13382785
993,0.25500765
1161,0.9861974
7975,0.9719453
1591,0.08455613
7804,0.99494153
5048,0.0352302
10454,0.9917319
3567,0.20109425
5886,0.44200304
9937,0.6053856
3931,0.63006926
9706,0.9522625
10193,0.972841
5569,0.9756301
9747,0.19538595
2217,0.95622367
5936,0.03729374
3885,0.9792198
1086,0.18050405
1799,0.7307663
9763,0.64092076
3299,0.13150264
8268,0.96834004
473,0.0637592
337,0.9637778
9381,0.83955646
6426,0.28066063
1210,0.23955996
4986,0.9932458
8285,0.73909837
2024,0.88619936
245,0.98526275
4807,0.25069433
2208,0.67585564
9835,0.096795216
8963,0.8468029
9946,0.28341103
5230,0.16940525
2788,0.25229198
674,0.91340315
1629,0.96930414
2300,0.38973704
169,0.29082274
3575,0.9917088
6910,0.3315935
1479,0.13698412
10498,0.9695547
8062,0.8870103
9672,0.08021146
9467,0.30222008
6763,0.7282435
8508,0.15500124
1034,0.31160495
3756,0.2657016
9263,0.09855204
8141,0.46712992
532,0.9301991
7022,0.07364232
4024,0.09981724
3298,0.08597784
5641,0.024790648
10455,0.25270042
5206,0.9854652
7005,0.16582154
8971,0.3143212
8358,0.8708154
257,0.22426565
78,0.9862525
6333,0.63951737
7969,0.05148862
2505,0.7352465
2004,0.9573625
3748,0.7736242
5668,0.66266173
365,0.10206508
9651,0.33268183
2324,0.079950355
3902,0.14525694
9294,0.2822944
5377,0.09727674
2817,0.8961903
7670,0.028111119
4755,0.97938526
255,0.9684008
2714,0.89211804
2922,0.41797692
5517,0.873407
5157,0.98491096
64,0.034123845
5300,0.19556902
451,0.10244824
3941,0.9830715
326,0.18548642
3757,0.17005704
8798,0.61548513
2315,0.98571396
6755,0.9894851
2916,0.6572213
7406,0.6766666
3703,0.9909911
5403,0.54800653
622,0.15276304
9,0.56312263
5848,0.7443683
8670,0.17522283
1156,0.08999387
10179,0.0948273
2028,0.9772789
3924,0.90605766
620,0.049572192
1963,0.7355611
4537,0.37731612
8970,0.24126782
3024,0.9877363
6140,0.98764104
1866,0.1462013
4442,0.9917665
2312,0.19491626
6749,0.39113373
459,0.9212377
1516,0.96777546
8817,0.18095842
4912,0.12841786
2076,0.082601674
10023,0.9826391
7684,0.1532019
3531,0.25116032
6209,0.90758497
10508,0.98292726
8678,0.9301018
3541,0.27244714
1208,0.8752249
4090,0.8343735
1097,0.18382992
5099,0.9477907
2816,0.433172
4291,0.3547746
1409,0.8815782
6401,0.07056795
4617,0.9154269
6111,0.06344342
6172,0.9744849
10357,0.08167556
8465,0.9728013
3867,0.13174878
9495,0.9857188
4348,0.6783619
7879,0.59087694
9273,0.72736055
3252,0.21037292
9167,0.49542615
2573,0.06152231
7395,0.9740311
9046,0.5217465
1526,0.15549713
9339,0.124848135
10301,0.96685165
7588,0.8625396
1104,0.048004974
1310,0.17025848
6631,0.20943008
10475,0.21706413
9090,0.28131545
1528,0.25261697
1657,0.9633561
1175,0.1469439
1895,0.20273547
3864,0.17423433
4700,0.15002093
3572,0.6126407
10507,0.38764802
269,0.7893242
5744,0.9036376
1687,0.066946216
3020,0.4742366
4974,0.9794453
5119,0.9619985
1916,0.9564982
6687,0.9766198
2197,0.6933153
8641,0.08339821
10073,0.95916885
1967,0.12446674
4999,0.39487088
9816,0.096221976
734,0.98771477
9665,0.6948543
5092,0.9202696
2591,0.9930206
9877,0.95017225
4601,0.9799161
7734,0.08184548
7185,0.9852106
6405,0.6953924
7003,0.3324841
928,0.13416867
6490,0.56042993
1586,0.17277555
10139,0.98201615
1192,0.5557633
10526,0.03776171
5544,0.9207131
8779,0.23234008
4497,0.4405196
3059,0.961211
2181,0.21268736
2303,0.36089516
1190,0.96333873
1468,0.05279268
8771,0.21415694
8997,0.9842903
6365,0.92160803
10355,0.1426386
3478,0.53883326
3764,0.12517463
3542,0.31642067
4941,0.22557749
1840,0.9696212
463,0.123180576
7407,0.27295765
7711,0.69266444
6044,0.09673538
3750,0.9916746
10114,0.12820214
1332,0.90022415
425,0.99494946
3479,0.9603022
1979,0.9906041
2994,0.7490357
207,0.6566051
5820,0.986509
9187,0.34162298
5423,0.986264
2743,0.1253148
2902,0.9856192
9126,0.9824441
7903,0.41521192
4100,0.71459514
3578,0.75464946
6061,0.49404702
5081,0.15158649
4575,0.09649607
6695,0.94405717
5960,0.28684717
10186,0.16422966
6795,0.920604
10022,0.20063187
5841,0.79751354
7481,0.2621083
9331,0.095180556
400,0.9843291
6907,0.3381796
10393,0.9370276
3709,0.9876743
4726,0.9502155
3007,0.15086089
4723,0.31117535
597,0.17075469
1810,0.9409516
4131,0.5639174
4697,0.88385344
8838,0.962465
5956,0.16489704
4196,0.9428608
63,0.9632739
1714,0.11752925
904,0.49047416
9715,0.9852739
4,0.29540247
5462,0.7440268
259,0.044064023
5418,0.121616215
6849,0.09975672
9893,0.14618205
10003,0.9871863
4976,0.1251873
7611,0.98755914
900,0.06800106
3746,0.96822006
3893,0.27932927
2966,0.05960911
9667,0.9907419
9734,0.082849406
8123,0.37578955
8470,0.98320514
4058,0.21020615
4623,0.9421748
3782,0.19640736
7966,0.93556416
6003,0.933474
2168,0.93641984
422,0.06445104
6381,0.57143015
1136,0.9757581
3443,0.916526
2214,0.55816364
9973,0.9748639
1593,0.9169361
5474,0.9157142
812,0.9778746
4703,0.087958775
4294,0.9347498
10021,0.07534481
395,0.11794311
3237,0.6903877
9099,0.29739115
2401,0.15795273
10371,0.18302986
3420,0.8329356
3460,0.9513889
9088,0.97979444
5995,0.99389464
3084,0.9754767
3595,0.3674817
9524,0.9599948
167,0.28823364
9743,0.95972604
6109,0.5986392
433,0.17156085
6292,0.14179932
8125,0.0822395
4035,0.5106168
2929,0.8482673
8810,0.9558567
4403,0.044315245
3925,0.9676283
1290,0.705506
3689,0.96099764
6709,0.050009172
8021,0.8334664
6237,0.9819355
1453,0.4240766
7340,0.20754564
6078,0.7560021
2369,0.08121221
1781,0.3314687
3830,0.9814105
7625,0.28380847
8150,0.3481865
1680,0.624011
7077,0.22468641
3360,0.82430845
7927,0.9589522
244,0.17267868
8107,0.942386
820,0.98534715
5915,0.97889894
924,0.19358982
9207,0.9606423
4077,0.9857346
6052,0.94857347
508,0.8797878
8105,0.06330937
4405,0.21373239
7558,0.20807499
6094,0.97294664
484,0.9936399
8927,0.17429616
310,0.12807302
8075,0.8880655
1094,0.22804213
3211,0.2496291
1700,0.97904176
4816,0.75115526
9354,0.9533094
8845,0.65022427
7530,0.9463967
1520,0.20478112
1087,0.97340924
5786,0.67181414
6847,0.72329795
999,0.43831328
5308,0.5909164
6569,0.95334375
10200,0.092437595
5868,0.9501681
1757,0.14345464
4625,0.9703513
2955,0.98434085
6187,0.92047954
9931,0.9170257
4883,0.8595626
2488,0.968681
156,0.93031657
2820,0.5231714
1311,0.10830589
1517,0.24251832
3640,0.15114978
5763,0.20141649
6689,0.544533
1193,0.3655987
8217,0.9399286
10327,0.77707404
5042,0.6673978
6903,0.109821685
2068,0.97948956
7614,0.15101777
8842,0.06038009
2445,0.54917943
10276,0.17540894
4931,0.2983955
6842,0.9700978
5927,0.21380891
6207,0.2309509
4539,0.08155821
8721,0.18089017
3618,0.09694882
2580,0.10479424
5321,0.9808944
3181,0.34113717
4742,0.2560739
3340,0.9768435
8310,0.9731357
3948,0.7989794
2126,0.9315106
10436,0.31795356
9635,0.9624935
9022,0.0731101
8576,0.15654884
2522,0.17637211
7341,0.96033216
7377,0.9703129
7636,0.1849004
2536,0.96858716
2706,0.9487437
4814,0.5880891
6032,0.059428677
2630,0.8358745
1857,0.20156895
5412,0.9464776
1957,0.15705423
9805,0.06190664
9256,0.34895554
1055,0.87781197
8439,0.60810715
317,0.62707084
6126,0.1692659
9970,0.3994725
6008,0.088308014
2811,0.14813146
10214,0.043141697
10337,0.09187207
6563,0.12638886
5611,0.97421527
6358,0.6056302
8446,0.26592222
974,0.16619956
4839,0.10333342
4806,0.91253895
4597,0.20900401
4649,0.15364105
7744,0.9709583
5826,0.5371091
6118,0.31012425
6785,0.037030227
301,0.97873884
3192,0.9923422
9854,0.8349596
9227,0.98819375
4768,0.14563206
2961,0.2171009
4564,0.06542919
2484,0.38121524
1606,0.06669185
2864,0.050152916
2884,0.11241016
2753,0.21009643
4366,0.7852246
2470,0.11132226
6369,0.14866188
2754,0.1944672
2501,0.13007452
8890,0.050336685
2093,0.9388431
4937,0.77639014
2850,0.12061101
3706,0.19452569
6645,0.9873728
5799,0.93395686
4229,0.9188168
4900,0.1515867
7883,0.20586446
4629,0.9728055
6459,0.9479177
10381,0.9900157
220,0.9907877
761,0.269111
4264,0.98157537
6633,0.95558524
1424,0.9910994
7017,0.30570325
6901,0.20330846
7126,0.16120245
881,0.7202875
6382,0.3322084
7502,0.91125304
1911,0.9816992
3076,0.47990242
9281,0.15743487
1534,0.7822606
8378,0.1625595
4717,0.9829366
7012,0.9938962
9028,0.97655267
5407,0.832789
274,0.7213919
9465,0.7812611
5164,0.077837534
937,0.18997876
5264,0.9733916
8051,0.31600517
10304,0.10668023
2403,0.14281172
1697,0.9871711
8142,0.100880034
3734,0.07773227
8487,0.20747587
5123,0.9664488
8726,0.2600853
2336,0.9587082
7376,0.09200782
2793,0.5309876
1998,0.084365726
319,0.96236503
6783,0.28128436
6911,0.959938
3078,0.97555363
3310,0.99279296
4790,0.91896546
2712,0.5193213
2968,0.9858596
7777,0.78747195
10442,0.16289528
1654,0.33970064
10438,0.6851613
4509,0.35145125
3963,0.11748905
5043,0.08466348
5421,0.9806573
6465,0.1257333
8034,0.9822253
806,0.60400504
1090,0.16421787
1566,0.6583742
10187,0.5762103
2634,0.9780538
569,0.9519708
135,0.20008013
3732,0.98457724
6247,0.83468145
10466,0.17340304
8429,0.20901959
6725,0.17743838
6128,0.15924935
8496,0.12205651
2433,0.97743815
5552,0.97855514
7122,0.5700274
376,0.04179239
796,0.5886635
6121,0.29896292
8960,0.8263611
5686,0.1817619
2213,0.8406441
6602,0.9387811
3357,0.98706776
1997,0.14228952
691,0.36814687
4370,0.9682606
9660,0.9889958
7189,0.12075013
6660,0.08964835
2074,0.98571384
5375,0.98416764
1816,0.07255114
9802,0.95998377
7654,0.98961776
3784,0.95400304
9604,0.96623737
6397,0.7848614
7125,0.96991885
1460,0.9641298
5718,0.6358462
5452,0.9303648
7064,0.94156414
8272,0.9713523
3620,0.9880007
2772,0.40646514
5150,0.07216317
125,0.21477126
1005,0.041411117
616,0.8403906
9056,0.20509253
3972,0.14372644
746,0.08540354
10286,0.9800797
723,0.838398
1283,0.73377883
8009,0.97543323
8509,0.16770808
8220,0.6692373
7393,0.95514494
8499,0.1314279
3789,0.14213605
9658,0.556982
8171,0.45375016
1985,0.57421446
733,0.12511908
6706,0.22847076
6282,0.36058062
7243,0.2305099
3995,0.9896527
4375,0.8406137
1647,0.554168
9306,0.9712431
9272,0.07735082
9464,0.314996
5340,0.049545478
5475,0.98877734
4911,0.9788119
9315,0.7898134
811,0.20273922
6395,0.82186383
3229,0.26447466
2250,0.6738264
8433,0.8684471
10428,0.28711966
10461,0.1988632
8408,0.9434644
3945,0.9562966
863,0.95025104
4683,0.57607305
1162,0.9800811
9132,0.6514229
1076,0.04179093
7236,0.14582492
3218,0.21979688
6866,0.028506583
4997,0.8951261
9121,0.20129538
8696,0.05917704
3313,0.1440165
1421,0.2875943
80,0.112690516
8163,0.11242136
4583,0.9840677
4053,0.17153369
8693,0.24006826
4139,0.2111842
6976,0.19328307
3549,0.6731106
5534,0.09961981
1638,0.9914402
6375,0.9691078
1008,0.98302805
9120,0.9868968
8071,0.6270981
3266,0.97144836
10482,0.9563252
5288,0.17215358
6302,0.66036534
2183,0.20697245
9199,0.23482509
5441,0.07381618
4418,0.17520978
7287,0.8873459
1532,0.8952268
2978,0.28900522
1230,0.113003224
6423,0.9670486
9643,0.10942985
5142,0.12105848
9368,0.9559034
6132,0.88931787
9031,0.23970051
4767,0.9537756
844,0.047096353
10296,0.17061473
9045,0.5901862
10469,0.049053814
9223,0.6618829
9340,0.21555841
1226,0.24617407
686,0.82287145
4037,0.9695942
7620,0.63015604
9322,0.9126653
2943,0.14154808
6549,0.05069792
8124,0.18145083
1803,0.9706627
8025,0.09798989
368,0.20965365
3660,0.33253163
4943,0.11245914
9143,0.13524552
958,0.834707
4272,0.20999727
200,0.15790848
7314,0.98719573
7827,0.15735394
252,0.32719755
2242,0.8568592
2804,0.06598092
8802,0.14465345
7645,0.97701514
7228,0.8890955
9200,0.03390114
4738,0.9817653
4513,0.99106556
7999,0.113240525
3938,0.25966686
8127,0.97721577
9265,0.05958352
7353,0.95502585
4772,0.58164924
4461,0.060199052
1335,0.12779504
9018,0.9630695
10460,0.9919795
7956,0.15062243
1238,0.111397274
2552,0.97240645
6517,0.61639345
5925,0.9799753
7413,0.08336929
3728,0.14380787
1103,0.9882775
3704,0.96378815
8413,0.9546308
4533,0.9270151
5449,0.98120284
7306,0.13425553
1401,0.991295
7365,0.9710382
8363,0.17564352
3656,0.98629457
5683,0.9009875
1940,0.12112089
8674,0.05206682
6745,0.12262174
4431,0.9946057
2263,0.9839475
7506,0.87871134
4059,0.97371805
4588,0.21712354
8692,0.99258834
7258,0.99209166
5448,0.98107564
8865,0.1919028
1119,0.56051517
7642,0.95858705
9981,0.9684922
181,0.9809476
7528,0.7466991
9086,0.9734302
4963,0.060073324
5292,0.26200986
1254,0.6191266
2125,0.9414181
5601,0.98953176
2758,0.98973656
1922,0.25194037
5440,0.26590252
3001,0.97708225
4011,0.15949404
8604,0.98191124
2779,0.06327122
1568,0.070260055
10123,0.43542153
9053,0.5733535
8028,0.977246
82,0.9376413
2845,0.99098796
10221,0.61221087
8598,0.92689294
5011,0.9810612
7401,0.1464946
8687,0.33443323
8767,0.99005604
10046,0.13394576
1920,0.47946683
4364,0.9640043
9395,0.37484232
3602,0.2890529
9038,0.14229082
7786,0.22368447
5106,0.97214985
9337,0.07540878
1575,0.10655608
10291,0.9387236
2965,0.9191047
1478,0.19270101
3625,0.090139404
7329,0.9511894
4116,0.78243124
9136,0.0548759
6870,0.99143654
4073,0.9473382
7863,0.11848656
7437,0.07445667
278,0.9844751
1977,0.48062667
8570,0.690634
6800,0.18247546
8964,0.1041738
7534,0.96914345
6539,0.9825415
645,0.8972535
8223,0.050391227
610,0.07530588
1512,0.9875097
8340,0.98370486
4524,0.032084096
7465,0.22085044
6313,0.08057422
1873,0.11714843
1015,0.9926593
444,0.106207624
4967,0.98305833
8988,0.86270034
3199,0.88944966
8020,0.9233867
6103,0.07857276
362,0.0944065
7325,0.9627248
5730,0.3180012
10448,0.9819534
1452,0.49193758
6669,0.67515755
7892,0.35994953
7859,0.9788422
5866,0.9663586
2970,0.7926723
9609,0.14961433
893,0.44631907
4176,0.56482166
4280,0.28770727
3970,0.37300998
4516,0.036450624
7503,0.45701408
7955,0.83484113
9852,0.7825201
8380,0.9299551
9284,0.9258705
10386,0.058714774
4004,0.7651016
5328,0.2897806
9274,0.96759206
4646,0.93925095
396,0.9580316
5513,0.4044141
4117,0.09743371
3751,0.082937494
9767,0.0743802
1071,0.825216
7812,0.96740925
5059,0.13580006
2667,0.3366801
9304,0.07297779
10385,0.032578103
7930,0.4360432
5225,0.046087272
9839,0.2943744
2831,0.36562467
2387,0.09643426
3433,0.8000657
5101,0.57909346
6357,0.9918876
5476,0.251777
3807,0.9843443
10232,0.12827712
1508,0.8658566
6993,0.97899866
5505,0.06221569
6009,0.35131294
5301,0.9220779
6766,0.122715876
2248,0.88126445
8572,0.055224396
852,0.24884002
7871,0.96580195
6926,0.94554377
10220,0.89926344
9007,0.9677833
6990,0.9242307
2012,0.8292583
5645,0.2530058
9091,0.96939665
3797,0.1377103
7201,0.27319863
672,0.98366666
1257,0.9612718
2010,0.25008363
8222,0.9853704
9636,0.71062565
2746,0.98289675
2919,0.97400856
5231,0.12083186
5625,0.22317657
10254,0.5546599
2651,0.41904294
1740,0.9835777
3212,0.95644706
10502,0.07990005
7139,0.3178865
7210,0.42939425
10049,0.76811624
1621,0.29619431
2301,0.057709552
5798,0.99204457
3812,0.99082327
6190,0.8593081
5503,0.0690787
9972,0.21024202
5646,0.06463419
2003,0.96041167
1069,0.19544819
9656,0.9829611
279,0.915055
4328,0.8082446
7105,0.094151795
1643,0.28086516
3108,0.14394997
3106,0.09748844
1626,0.18036665
9838,0.0936476
6994,0.52266526
3463,0.049752984
781,0.57831234
4337,0.29449922
1639,0.045797136
416,0.036634102
7687,0.8986414
9610,0.081326865
2519,0.21170521
10210,0.10994201
8633,0.98972344
1276,0.96571213
4764,0.543677
7674,0.17998396
6550,0.9773337
3853,0.93973
341,0.18648146
6258,0.4050399
1884,0.90232843
2855,0.17666936
2196,0.14454024
5326,0.8682185
6380,0.044669077
5580,0.064566486
4563,0.2051677
10414,0.93903846
3226,0.86262333
3175,0.9772768
9457,0.15913473
1705,0.0654767
5910,0.080260366
375,0.5786209
10333,0.18958473
3852,0.48900473
1971,0.23051836
8720,0.9350385
1860,0.7169753
10349,0.97813296
4605,0.123745315
7358,0.9709838
8258,0.4385179
5678,0.11257669
694,0.94829595
8482,0.15011251
1924,0.46522656
3716,0.98053396
3282,0.11980366
5746,0.12181834
1518,0.15281743
8741,0.093090765
7630,0.34071353
8276,0.12876388
6939,0.6120976
1435,0.9754823
8157,0.22816171
1041,0.29621813
4478,0.78657764
8307,0.05388422
2094,0.9665282
5916,0.66182303
9848,0.9915206
4803,0.5776375
2147,0.030945562
295,0.9782567
861,0.058876917
3822,0.11170481
5609,0.9652624
9450,0.106402196
4122,0.057214543
10558,0.09872356
4285,0.074825734
6184,0.8700315
7295,0.10965909
1926,0.9883216
5026,0.031553395
7952,0.98726857
4194,0.07291879
639,0.74057555
2130,0.027434038
3119,0.40343097
3251,0.3981899
5803,0.14775716
9553,0.23926249
5937,0.9803318
2133,0.22504963
693,0.18631707
5944,0.7106954
2227,0.8653756
9915,0.08976522
4044,0.6124559
6033,0.081079096
3270,0.9823284
7050,0.026829872
6185,0.7991548
7984,0.6895996
2109,0.9764008
2244,0.1726588
2481,0.05538215
4332,0.98905116
6016,0.4516172
10162,0.6085805
2453,0.5880108
6228,0.043829396
6166,0.07259238
1411,0.67758346
254,0.6245629
7479,0.22965035
1476,0.07302794
7801,0.9609297
4988,0.12621509
4694,0.47418174
10194,0.58175886
2574,0.98312104
8334,0.07515276
419,0.17776045
8643,0.981187
2548,0.65692616
4615,0.97429705
8772,0.333688
10463,0.98342276
6756,0.30315867
1503,0.9871898
4095,0.14336167
1723,0.98384976
8829,0.20513226
10085,0.6544612
4796,0.099974655
9756,0.0936231
2158,0.07778202
7273,0.39307475
3056,0.07267303
656,0.6101444
3074,0.05519425
4661,0.96641845
3958,0.78572
4311,0.090837315
8375,0.9769266
7442,0.14112623
3839,0.2739116
6179,0.14284036
3786,0.24729837
8520,0.9899199
3664,0.09084981
2014,0.9603665
8298,0.24597718
4220,0.07429209
10127,0.9780807
6182,0.3981865
3206,0.92109627
8503,0.9835207
5682,0.92677546
5699,0.06510573
6215,0.9699177
1394,0.10548214
9582,0.70638585
10070,0.9939593
4940,0.98911464
4193,0.1520619
3400,0.6802295
4785,0.14731966
7460,0.9662419
5838,0.2599184
2503,0.39750355
2730,0.9757735
7156,0.28658044
5511,0.97093564
438,0.91145
2233,0.98613507
2016,0.022884509
139,0.524069
384,0.11134451
2313,0.10660652
5145,0.98219496
7864,0.26468548
1195,0.99031466
5365,0.059624147
6977,0.061214503
10001,0.12299352
567,0.20262995
9950,0.88059217
157,0.028451147
6553,0.9540124
7337,0.08079752
349,0.085386
4874,0.4441851
10313,0.9502325
8421,0.317088
9469,0.20863472
9314,0.9644354
3663,0.12853841
7216,0.054569524
8871,0.14331521
5743,0.9886869
2072,0.62048376
2654,0.070898704
5908,0.31176877
9863,0.10244414
457,0.13571762
6965,0.07283695
3030,0.18553981
7765,0.07120323
748,0.046975773
6304,0.08839186
9606,0.25571346
10351,0.031710666
406,0.98213416
8120,0.034068175
8486,0.99108446
6998,0.95279455
77,0.98234725
841,0.14859091
7709,0.038295045
7404,0.9851693
5606,0.75036514
965,0.9184946
3163,0.2455741
10192,0.13911512
6163,0.102031276
9865,0.11400362
9518,0.21883762
1267,0.08799098
2051,0.979913
2046,0.2630386
1464,0.9827031
2153,0.06726769
6612,0.3990645
4971,0.6166836
866,0.109796785
4124,0.13577424
5086,0.98019516
4351,0.4396451
8101,0.20383534
7912,0.49588883
2504,0.9102499
2837,0.06318735
2034,0.88947946
4844,0.90161556
7780,0.032169804
5901,0.036839485
3296,0.1628812
7299,0.74561435
8574,0.7153166
7472,0.9788824
2276,0.115803674
5980,0.10499091
3184,0.37468463
4359,0.8734775
1064,0.87064385
9039,0.060798027
6376,0.21703881
1706,0.7791554
7970,0.18633853
3540,0.96705407
1407,0.20917949
4561,0.5475605
6691,0.8673939
7172,0.2699604
1923,0.07880822
4407,0.8614168
6777,0.1765174
2600,0.7223391
1936,0.0871481
9778,0.01945929
2766,0.6573655
6668,0.85851127
9013,0.6450717
4319,0.15705842
3263,0.9560286
1612,0.9484982
5132,0.30374214
216,0.9914438
7232,0.12296789
9373,0.08130182
5030,0.641926
10107,0.96365035
8309,0.9859314
8449,0.8892432
6961,0.278051
4954,0.17337793
7344,0.92499197
8146,0.9784425
1132,0.96334314
6145,0.98766685
1353,0.7110554
3624,0.97275305
5058,0.9433942
9789,0.8005481
7290,0.36490634
8583,0.4861486
1088,0.9860788
9210,0.8361581
8240,0.27025035
3326,0.2194749
6315,0.93585235
8410,0.9438363
4535,0.05832783
5991,0.2263679
1874,0.49275407
1898,0.042581987
3557,0.9346485
8587,0.9895046
4190,0.18775603
7261,0.7366146
6854,0.545914
9375,0.9150409
6317,0.98182654
7713,0.9211065
7058,0.98575705
7628,0.5947732
3513,0.1325525
7953,0.9741353
3445,0.19370495
8461,0.6849738
2834,0.36265
3414,0.92647374
9262,0.9635793
9235,0.0641838
3146,0.15299885
3379,0.22176863
1701,0.66242594
5527,0.07382016
8031,0.87767535
4032,0.83022815
9782,0.95384
7656,0.84192616
2985,0.98024255
9334,0.6186949
3343,0.24589738
4760,0.17539443
10311,0.8912321
2609,0.59716725
5117,0.08034309
6724,0.9843651
671,0.98163646
798,0.11943541
2341,0.2051949
4262,0.9889333
1950,0.97587466
799,0.9860934
2575,0.96746695
660,0.9740434
6432,0.9288605
3168,0.98495525
7435,0.9843821
4010,0.985179
2882,0.8900327
5930,0.9602495
7716,0.42014784
4054,0.26424637
3148,0.088415265
670,0.30171394
3519,0.06267678
5770,0.056524783
8876,0.8518459
8357,0.94909495
1620,0.96918195
8558,0.4762179
6786,0.93008626
3825,0.0756276
5857,0.2085006
7685,0.6939391
3947,0.33292738
6449,0.057109606
8636,0.3719251
6046,0.25378078
3205,0.46737692
9435,0.90594834
6865,0.03586051
281,0.9885395
6922,0.14037165
3536,0.14600238
4555,0.092526115
5364,0.78029776
2483,0.8806925
3524,0.97240216
3117,0.2600456
1152,0.12702517
3912,0.2486223
1297,0.9253874
2896,0.028925577
5804,0.9813114
5722,0.7613074
189,0.031712804
2376,0.37269238
4635,0.0430782
4801,0.9684105
5972,0.34775227
2461,0.12680858
1168,0.08549019
5136,0.91335994
7806,0.8421725
2559,0.69585234
2139,0.6043653
10562,0.18334615
1497,0.36023268
4757,0.8312951
1354,0.41611516
5896,0.9914199
6453,0.088027686
1426,0.1188652
4271,0.124365896
7673,0.91727906
7782,0.115962006
8181,0.4547236
1797,0.32890666
8615,0.9907189
3097,0.93243825
5306,0.6564422
9633,0.17572837
8700,0.15127672
9876,0.9891812
8045,0.31051612
7750,0.16686016
6370,0.9448491
7093,0.38704753
8018,0.019389624
1118,0.21342106
4849,0.97817945
9627,0.08840451
829,0.25005412
4164,0.39343068
1707,0.99082047
6752,0.06230703
6236,0.2762291
4052,0.10548339
5283,0.05140618
2856,0.98855585
4630,0.40223625
9563,0.97284734
6576,0.9880973
5721,0.41519597
4305,0.93953496
8972,0.044673607
1694,0.981912
3582,0.9855437
3913,0.17005055
470,0.5013068
4195,0.27858272
3422,0.15701747
9744,0.22069685
4206,0.1259239
7971,0.9664986
141,0.3645061
1994,0.9842642
1602,0.920871
1031,0.32264972
9150,0.48001143
8528,0.39964333
7545,0.07483901
7448,0.06755896
1821,0.38381273
10075,0.3909212
5242,0.10543328
822,0.24534117
4826,0.18405317
910,0.18325414
10147,0.9682869
2018,0.9861
8916,0.24001011
4880,0.6080017
184,0.11248259
6081,0.98668367
4281,0.36911196
7418,0.9863847
6054,0.33486173
7972,0.98309916
4894,0.9700228
5313,0.7790549
5046,0.41983303
7183,0.63282174
5347,0.13021733
5051,0.7538836
495,0.75302404
5985,0.96307075
1227,0.93001056
7594,0.7099042
6178,0.13383646
9344,0.8084461
3681,0.9781984
2805,0.9817852
8237,0.14310147
5139,0.92870235
2347,0.14629465
1978,0.062299065
7824,0.6327452
873,0.967344
2569,0.16205548
4704,0.94559175
6974,0.77604544
4454,0.07243597
35,0.06501445
8231,0.055906028
9280,0.18742028
6567,0.12814713
2088,0.9848186
925,0.99393386
9958,0.12531327
5234,0.33177826
7623,0.979596
6074,0.36177692
8115,0.13829365
10462,0.9661709
5008,0.23616959
1256,0.121170856
5001,0.7043867
6885,0.07097556
7509,0.81700516
6251,0.9781593
7250,0.87861973
9502,0.772273
267,0.15236332
4109,0.7100224
819,0.09053159
9397,0.906434
3707,0.4724572
870,0.9688723
10203,0.33636343
9241,0.82775563
5215,0.17852332
982,0.8881514
3878,0.05203225
1847,0.10659645
10457,0.97475815
7811,0.06826858
6205,0.17485921
8311,0.1966817
7657,0.11089422
8174,0.35044414
2119,0.06899174
7893,0.7277524
7754,0.953417
3684,0.9024356
3585,0.6741171
300,0.1773038
9176,0.986317
5879,0.986735
1457,0.95165366
5040,0.68236494
1862,0.41112015
9749,0.97651553
161,0.98253995
6134,0.9747781
4995,0.14085218
54,0.17723513
5125,0.28024223
2032,0.23749182
8210,0.21465215
3816,0.16881089
1769,0.9859307
6156,0.7087681
8667,0.97872865
2974,0.09216202
3417,0.030830877
2835,0.6621795
1668,0.932668
10028,0.10197848
5619,0.3649183
3169,0.8170086
9153,0.27076688
8746,0.90785486
8049,0.8564542
10564,0.3780238
8691,0.35508382
2765,0.94013166
52,0.5520241
2663,0.62324774
3014,0.78828186
9453,0.99016017
8078,0.059558824
2356,0.07630197
7595,0.96737367
2195,0.5261541
7633,0.98190856
1259,0.10875483
5214,0.38486767
531,0.7805431
2398,0.6370744
5458,0.98086035
2794,0.5310828
153,0.18940532
256,0.77344835
8787,0.071451254
4496,0.9678413
9649,0.28424874
461,0.14302513
502,0.13657522
529,0.025622007
5529,0.20773943
9391,0.98936075
1032,0.66938806
9896,0.051396687
5557,0.75682074
1836,0.14137967
3476,0.11567604
7104,0.26744717
5480,0.24177155
1717,0.82670754
1333,0.9689298
1806,0.31496957
8297,0.59405625
2806,0.16277972
3407,0.24689385
10518,0.05929871
6043,0.28473276
8857,0.8492459
8456,0.25465086
427,0.073682256
4028,0.8073626
1988,0.055908624
7354,0.073153764
2393,0.4541456
452,0.6011508
5445,0.91866183
7637,0.98094326
5486,0.5123865
4175,0.37426782
6068,0.14703414
8968,0.22799769
9384,0.8178987
7470,0.7151691
9319,0.98952127
5817,0.92268884
10294,0.9886904
1313,0.37826177
10181,0.31769714
5269,0.102386005
127,0.10697954
989,0.95998764
10234,0.14844169
4799,0.96564394
3834,0.04163951
9206,0.021917138
4753,0.07891166
4437,0.19009656
3520,0.94263417
10124,0.12534724
1318,0.15550411
2055,0.60612506
690,0.95806587
1294,0.16670449
6522,0.99123573
4453,0.28840002
624,0.049425382
2863,0.9262638
4922,0.5110337
4120,0.13632207
8164,0.49019614
2317,0.09649311
6058,0.088470034
1428,0.8471115
3577,0.94871294
5811,0.7621443
1430,0.8677407
4488,0.47282076
9634,0.98651344
4482,0.9826972
4580,0.942195
2571,0.04951997
10499,0.9828552
3932,0.17795856
377,0.978998
5851,0.11049552
6384,0.9673039
6470,0.1507397
8505,0.15602963
4268,0.80793786
10397,0.1777525
4309,0.062398948
1949,0.880401
2097,0.26236665
9709,0.61152464
4936,0.7091943
4033,0.16231667
3828,0.6328562
8862,0.080117464
374,0.8229688
401,0.980229
10015,0.968234
7613,0.26745945
4397,0.9441627
2329,0.9538464
4733,0.98664564
1552,0.27312633
2486,0.97976446
940,0.06505245
7118,0.9315159
8060,0.9727788
1550,0.20961018
6202,0.08590875
8980,0.98567975
8162,0.99090767
10066,0.07641837
7981,0.8293943
7336,0.9904021
6277,0.6185178
1670,0.88775724
6007,0.6659178
7832,0.96499455
2612,0.16464522
8320,0.99215263
1779,0.98090404
6107,0.042196114
2537,0.9753491
2726,0.8317254
8717,0.49851775
2201,0.15836695
6276,0.11499128
3293,0.101664715
7907,0.9800121
7321,0.14967765
840,0.16968381
1081,0.14937007
8289,0.93047243
343,0.33890438
8184,0.06817098
7166,0.983567
8805,0.99366003
9407,0.07366015
5573,0.038032815
9330,0.9799053
2215,0.9262455
4105,0.079757765
7699,0.223648
5850,0.17941889
10228,0.9872939
638,0.5681042
5633,0.3759639
5919,0.094702944
4573,0.2437512
7164,0.9084362
5093,0.9817632
9815,0.71900535
8411,0.9480456
8955,0.9775893
9556,0.49761432
7349,0.2205736
8436,0.97900474
2631,0.98418856
2739,0.9853402
3930,0.18765883
6833,0.28517398
9186,0.9809326
3150,0.1876846
8328,0.9151319
4006,0.84407353
3065,0.12675568
3305,0.076541
2506,0.3355731
9737,0.9689386
5178,0.0762715
9452,0.5749141
10111,0.9441509
1652,0.07825145
10134,0.97800314
7247,0.43154526
4363,0.9332481
1712,0.98324156
4232,0.1896714
5626,0.040389173
3049,0.9865975
5397,0.18149157
8637,0.18938147
8785,0.14773327
4438,0.9631411
1410,0.21636246
6902,0.099142626
187,0.17182335
3883,0.48246694
3988,0.97680783
5620,0.15679456
2904,0.14052325
3926,0.074913085
9020,0.12443869
2947,0.41211903
2364,0.9919184
5291,0.9588094
7078,0.1805555
4477,0.023612238
4333,0.9780231
9247,0.56465876
6957,0.08314616
7281,0.25136262
4012,0.6165458
975,0.9735865
8037,0.99049824
10408,0.987133
2900,0.6812363
6457,0.98340833
9292,0.7236996
2115,0.15019658
9001,0.984922
8981,0.24699098
6085,0.21373942
49,0.08438469
210,0.15043052
1607,0.41912612
5256,0.4295704
3170,0.9911692
147,0.95229644
7627,0.9506398
83,0.09440473
3686,0.19075948
5133,0.86442834
935,0.03952494
2875,0.29743683
7277,0.110573836
55,0.98383635
1253,0.4767585
3406,0.98280853
2474,0.9853359
8451,0.12738504
7301,0.9892831
8466,0.1555643
7499,0.97382325
4926,0.9625431
9033,0.36322603
3999,0.093268864
1017,0.07397896
947,0.8367964
7798,0.5664218
6280,0.13029382
6393,0.22368772
8056,0.075871386
9003,0.050768852
4481,0.1718428
5134,0.8432754
4804,0.84452987
34,0.5455502
5659,0.98044866
4519,0.17157212
6272,0.9702819
765,0.3481973
3752,0.7704232
1753,0.38308847
2123,0.07637017
1802,0.10355346
7678,0.7442647
4547,0.13990256
3793,0.083153345
7453,0.09604552
5330,0.6664943
4093,0.92197
2362,0.45698488
7116,0.1586801
3135,0.9061624
10536,0.07725933
8484,0.21920694
9002,0.1395222
10204,0.17593439
7570,0.38557547
1275,0.9933074
3630,0.18955192
9096,0.17199522
3475,0.102852106
4818,0.89606726
2019,0.13878508
10402,0.07820079
643,0.8958326
9927,0.10757211
2827,0.14628296
288,0.23896499
7886,0.96192664
6584,0.9816822
5554,0.968666
6329,0.31199235
1233,0.1397882
2541,0.16408767
1150,0.25746185
8459,0.98385656
1814,0.09168349
5564,0.53700805
4306,0.8550171
2144,0.0753834
9792,0.08897567
4634,0.14350986
10084,0.28842553
9847,0.1176083
8510,0.40784976
8921,0.5835085
2509,0.9751794
2111,0.8332722
7505,0.56384605
556,0.12745
9596,0.9643159
1863,0.08971657
8172,0.06699
8404,0.9819873
3607,0.42495456
7802,0.90901566
3503,0.16753204
5624,0.09255303
331,0.97818494
542,0.97086155
9705,0.16456555
3592,0.20587783
5018,0.6011175
5800,0.9898774
8651,0.117126025
7600,0.23180442
9509,0.046697956
5431,0.39938405
7454,0.17161764
8106,0.042481624
3137,0.96083856
702,0.8504861
6287,0.931383
5657,0.24812767
8027,0.14413236
5350,0.17625852
30,0.82854015
2677,0.7305006
3898,0.21858864
9451,0.9864546
9949,0.60571015
8074,0.2422605
6618,0.9542237
8351,0.27196723
7861,0.9564105
8914,0.7173947
9820,0.38357392
9148,0.9723707
1334,0.20599747
1684,0.40056843
6414,0.58348644
6967,0.62828463
1726,0.72801965
9178,0.075394854
6642,0.15947187
1024,0.9737664
6437,0.25026003
7042,0.9907532
5319,0.1042745
4594,0.72053385
3702,0.9607004
4882,0.8544228
4243,0.38264248
4750,0.04169411
5735,0.8845372
1432,0.21485597
7576,0.97278625
7455,0.5487451
5563,0.107758306
2291,0.96780527
5386,0.08534121
8490,0.16742887
2357,0.054808944
5473,0.9882585
7091,0.8778118
2464,0.22852187
2801,0.9428177
6604,0.8981439
2122,0.9579851
4320,0.9671077
1841,0.9410803
8129,0.33160084
3149,0.052157816
10525,0.9910886
1869,0.06301766
8664,0.043636363
1941,0.3977058
5216,0.5737984
7993,0.07679541
7327,0.31332925
4076,0.40391186
6544,0.13965347
3300,0.25477618
9139,0.9770471
6761,0.9873754
2220,0.03519979
5661,0.15847954
1676,0.1670777
1572,0.9872751
9545,0.27581638
212,0.9458712
2498,0.037643902
5758,0.12439344
241,0.9811616
7872,0.7309167
10546,0.14210767
9615,0.7654926
882,0.08812967
5753,0.2004939
547,0.18726332
10275,0.11460621
7686,0.9777465
6508,0.97781324
4296,0.96907324
6625,0.96002465
404,0.044962026
1289,0.15444383
5239,0.9371616
10261,0.8207475
2649,0.2846669
9886,0.9793802
5341,0.092572935
869,0.8463305
5533,0.87663424
1560,0.98399734
9892,0.31874472
1933,0.14491189
5885,0.056638613
7833,0.10339798
7296,0.11180954
7373,0.967307
8983,0.080674686
5842,0.4116691
2194,0.08512093
132,0.3991534
2659,0.6903695
7896,0.20265636
7887,0.71976405
5745,0.98687786
2409,0.9773651
2253,0.9686254
1434,0.9629857
6946,0.045871094
6510,0.75516075
6982,0.22347052
8999,0.43855894
5170,0.7812701
10158,0.061884496
234,0.69353616
9034,0.7381614
3801,0.9759235
3887,0.9931623
10361,0.68305135
5385,0.97681093
6575,0.98618674
3560,0.085229106
2112,0.9219209
4307,0.6991573
8704,0.9605305
10476,0.96188164
4637,0.27518559
2953,0.98701376
1320,0.98047745
3264,0.6469157
7904,0.9886594
9144,0.98140645
4494,0.9491146
4819,0.9629448
3781,0.22464016
3459,0.48624864
5681,0.22027063
6507,0.73512846
3722,0.9669922
398,0.110229656
9377,0.52757174
978,0.9648161
3104,0.9801412
2693,0.3747822
3803,0.8734615
9533,0.97182184
1173,0.9884631
10307,0.82397735
10326,0.22566895
5113,0.32256216
1116,0.93960804
10452,0.9893293
8013,0.18319626
6491,0.05208993
9906,0.9379074
7531,0.9880756
102,0.21271072
5233,0.98874795
1661,0.98449993
8280,0.17380163
1000,0.9245001
3743,0.98096335
1501,0.98924375
3809,0.5498967
8647,0.9858393
1959,0.17029767
1690,0.1096098
5498,0.89119875
837,0.22437635
8788,0.9901046
4114,0.8287407
1413,0.97456217
6836,0.98485273
4240,0.21507059
1908,0.9656789
5750,0.02565737
10087,0.09820828
2680,0.64621055
4323,0.98680776
4439,0.9772106
8517,0.11556991
933,0.9807726
33,0.9690908
4295,0.17033893
3258,0.52747893
7497,0.14178738
9276,0.11354593
9811,0.3217948
3833,0.3351292
7682,0.1780394
1748,0.09843015
3693,0.15585531
3608,0.96232444
10230,0.05526448
5468,0.04908006
10464,0.9863637
6932,0.5658126
3616,0.86111766
9603,0.96423554
10394,0.81501603
5509,0.96883553
3731,0.9678927
5827,0.14858209
10527,0.9578473
7004,0.993849
3210,0.90002334
59,0.9322766
2660,0.96168333
1909,0.32712102
8569,0.9822694
2862,0.09745065
5966,0.17170812
2639,0.07478246
6838,0.98489517
9527,0.32430148
5345,0.9780818
7702,0.79304284
3242,0.18264164
6516,0.20401329
10412,0.30663717
8213,0.18073498
2598,0.9863697
6193,0.16941288
9593,0.9823689
6646,0.98569393
5388,0.48951027
6413,0.8770438
1540,0.17247099
8660,0.20262888
2999,0.26169252
3194,0.16711827
9437,0.923926
9473,0.21884406
877,0.20973055
9640,0.22486284
4434,0.3697174
8385,0.55565315
2542,0.21684799
3281,0.24705417
7820,0.47581232
1418,0.9555249
6079,0.5393383
3685,0.084554024
9361,0.17372687
3364,0.9357056
7495,0.34876963
8226,0.866109
8043,0.6547803
9924,0.07022071
6018,0.06993833
3,0.908443
4592,0.25260162
10125,0.6421766
8900,0.17070839
7028,0.96961
3419,0.50663257
5514,0.6423281
2770,0.07442229
5007,0.92486286
1931,0.12972277
9768,0.58218
3337,0.04081734
703,0.07209264
6685,0.117787674
6064,0.08521781
1881,0.15477611
4842,0.81890213
8432,0.16060497
3569,0.36005852
9797,0.10663848
2829,0.079121985
3739,0.35353616
2128,0.6367394
2372,0.1600254
3354,0.1170111
3321,0.98560494
8532,0.99136776
1800,0.7723886
2560,0.16162035
3936,0.94665927
2588,0.6512145
4890,0.94798124
8912,0.9885352
6192,0.058026277
8658,0.058673274
5272,0.50948876
10404,0.8164553
2299,0.16799738
9419,0.16544265
3018,0.36768717
8642,0.90845025
6594,0.15994067
8852,0.09897184
9212,0.11795365
7081,0.9215373
8469,0.18804054
1372,0.1403317
2514,0.16565552
2311,0.077987805
5548,0.12347306
9024,0.8492085
10324,0.03763511
7735,0.07130487
1488,0.95164305
9130,0.95925653
2307,0.9910479
2374,0.14367455
10519,0.94313484
10264,0.88902736
9908,0.37347656
1073,0.6086682
118,0.98773617
8884,0.0736656
242,0.02343615
6300,0.37722802
5422,0.556993
899,0.9406242
773,0.31957394
70,0.98234576
9249,0.28142855
8847,0.3897879
432,0.05484203
468,0.9769363
7830,0.88386995
4642,0.8571323
1782,0.9910977
8683,0.40965664
8551,0.10098692
5224,0.3848917
922,0.502981
757,0.9778081
1101,0.09556539
6804,0.21211112
9266,0.9836977
6487,0.05586058
5627,0.16617489
4972,0.96246576
3596,0.9827891
1420,0.34753582
10209,0.23115578
8629,0.8867256
3147,0.98806995
9821,0.9812478
10377,0.3368593
456,0.06556765
9887,0.545077
8864,0.6399372
5665,0.08649236
1764,0.124486215
9198,0.9865688
7536,0.7588168
991,0.98026216
1537,0.590803
3450,0.98383534
5663,0.97766876
4221,0.36161527
3350,0.22885129
943,0.21366788
3203,0.71582985
1144,0.097761914
2334,0.9590791
7074,0.9847036
10071,0.94937366
7540,0.9569947
4143,0.07846053
6643,0.108554445
1067,0.065477334
6356,0.985263
8133,0.1270197
108,0.16897134
308,0.14546306
7432,0.49701098
2652,0.9487749
4740,0.9802337
7048,0.067501456
490,0.47124532
6808,0.3528725
7990,0.1652062
4460,0.028408967
6803,0.95816815
2414,0.035725247
8085,0.14701413
2031,0.9815165
8476,0.98665863
9840,0.97838664
2853,0.3444515
8114,0.9197232
6245,0.98096955
8918,0.08224183
2621,0.5895433
5344,0.8604281
3775,0.08000843
631,0.3528677
10481,0.12031309
8188,0.9808653
9830,0.94300663
5426,0.68808246
6688,0.796906
4132,0.94873095
588,0.9594032
5600,0.32975295
4743,0.18090661
8711,0.156883
6039,0.20083918
4576,0.5710634
6941,0.07034651
10202,0.7895755
6632,0.9237682
1079,0.6101513
9642,0.730536
5401,0.32996258
600,0.18417853
4873,0.3189697
5558,0.24351911
483,0.27271882
10378,0.97183716
9004,0.06340247
2809,0.98498225
9542,0.9923481
3215,0.07048583
6924,0.1630961
7213,0.90892816
3105,0.99118876
9771,0.9852115
632,0.9126947
3232,0.9494475
1543,0.30204388
2164,0.9912273
4559,0.058259305
9530,0.20796768
2033,0.29444894
2842,0.17594673
4186,0.05954355
4078,0.2562594
8093,0.97159755
7286,0.6243165
7044,0.9794765
9234,0.25535855
8536,0.21144281
307,0.9650934
4382,0.98181045
1350,0.099243
4632,0.7369035
5639,0.43172112
6445,0.22518365
10511,0.14834729
8601,0.11945783
137,0.631641
2298,0.96990216
8978,0.17487459
7218,0.084938
856,0.15902218
736,0.21443479
7719,0.13734211
3177,0.6559203
2564,0.9846378
3123,0.95177007
4827,0.61844486
6386,0.16199343
708,0.9854983
1414,0.9841411
7190,0.8103915
10298,0.6868052
838,0.8479565
10145,0.98431003
3071,0.9687611
5329,0.15022941
462,0.7756923
9809,0.108659305
7279,0.9831352
2707,0.12609969
3671,0.97815156
516,0.99175256
10395,0.31553823
8167,0.48536444
2138,0.683776
5192,0.24140768
1377,0.12876047
1390,0.17391221
1244,0.14351824
8424,0.084987454
205,0.23471852
9592,0.7003121
116,0.88289297
8306,0.26506186
7649,0.9862808
9560,0.9880006
2102,0.25750676
10490,0.7700027
97,0.1097925
7618,0.37760186
9413,0.19451469
6148,0.9671376
7147,0.98401004
2430,0.9925575
7539,0.96150994
7475,0.9485918
7796,0.9790621
1582,0.7221556
8454,0.08194996
3164,0.21578346
2375,0.9886798
980,0.16202751
10233,0.045767743
2271,0.49816024
7843,0.058215044
6165,0.72532356
3449,0.80507654
8757,0.7922621
9757,0.9805032
6925,0.8100002
6191,0.38268158
6985,0.13641456
9064,0.2072334
2691,0.98853624
657,0.28334394
858,0.24006493
6677,0.9769132
642,0.7388329
2627,0.19132785
1569,0.94684744
3674,0.24747963
10095,0.15252405
7423,0.20502874
4993,0.10756487
4983,0.19159164
7070,0.96299434
700,0.9565355
2447,0.12442001
2380,0.975737
8418,0.6985394
1288,0.15271814
9400,0.045014292
8530,0.09750375
784,0.11931855
2969,0.46243086
892,0.9772006
5679,0.17339602
4650,0.41739023
994,0.97338843
9751,0.9458856
9462,0.014746421
4958,0.9872339
506,0.83841425
4631,0.14576507
4321,0.10904494
5617,0.6809261
7571,0.9892791
6873,0.17938724
7964,0.18005563
4567,0.56595165
7429,0.9891298
3615,0.17922626
8744,0.03852917
1142,0.05413846
6189,0.06294129
3411,0.42282587
9133,0.21544142
5806,0.21649824
2385,0.14709103
801,0.9368681
4672,0.3558798
6530,0.93222207
260,0.15273233
6624,0.89435786
2001,0.9078233
8403,0.98346347
4935,0.117324434
7264,0.90871656
9714,0.97182703
5903,0.7934569
3176,0.80547315
7441,0.9827017
